Date,Task / Credential,Tier 1: Hard Skills,Tier 2: Tools,Tier 3: Underlying Competencies,Source/Context
03/10/26,Tableau to Power BI Migration,"Data Visualization, BI Architecture, ETL Processes","Tableau, Power BI, SSMS, Oracle SQL Developer","Cross-Platform DAX/LOD Translation, SQL Optimization, Multi-Source Data Modeling",Task/Project
03/10/26,SQLBI: Introducing DAX,"Data Modeling, Quantitative Analysis","Power BI, DAX, Excel Power Pivot","Evaluation Context Logic (Filter/Row), Functional Programming, Context Transition",Professional Development
03/10/26,Git & GitHub Essentials,"Version Control, DevOps Fundamentals","Git, GitHub, CLI (Terminal)","Branching Strategy, Merge Conflict Resolution, Code Governance, Reproducible Workflows",Professional Development
03/10/26,Power BI Desktop (Maven Analytics),"Business Intelligence, ETL, Data Modeling","Power BI, Power Query (M), DAX","Star Schema Design, Data Normalization, Cardinality Logic, Visual Hierarchy",Professional Development
03/10/26,Computer Science 101 (Udemy),"Software Engineering, Systems Architecture","Binary/Hex Logic, Pseudocode","Algorithmic Complexity (Big O), Memory Management, Computational Logic",Professional Development
03/10/26,Alteryx Foundation,"ETL Automation, Data Blending",Alteryx Designer,"Analytic Process Automation (APA), Relational Join Logic, Metadata Management",Professional Development
03/10/26,Alteryx ML Fundamentals,"Predictive Modeling, Data Science","Alteryx Intelligence Suite, AutoML","Feature Engineering, Model Evaluation (RMSE/AUC), Bias-Variance Trade-off",Professional Development
03/10/26,Alteryx Core: General Knowledge,"Workflow Architecture, Process Optimization","Alteryx Designer, .yxzp (Packaging)","System Efficiency (Caching), Collaborative Design, Dependency Management",Professional Development
03/10/26,Alteryx Core: Data Prep,"Data Wrangling, ETL, Data Quality",Alteryx Designer (Prep Palette),"Boolean Logic, Schema Enforcement, Data Type Casting, Deduplication Strategies",Professional Development
03/10/26,Alteryx Core: Data Manipulation,"Structural Data Engineering, Data Re-shaping",Alteryx Designer (Transform Palette),"Wide-to-Long Normalization, Dimensional Pivoting, Contextual Indexing",Professional Development
03/10/26,Alteryx Core: Data Transformation,"Data Aggregation, Quantitative Analysis",Alteryx Designer (Transform Palette),"Multi-Level Grouping, Grain Alignment, Cumulative Sum Logic, Weighted Averaging",Professional Development
03/10/26,Alteryx Core Certified,"End-to-End ETL, Analytic Process Automation",Alteryx Designer,"Multi-Source Blending, Regex/String Parsing, Workflow Synthesis, Data Governance",Professional Certification
03/10/26,Google Data Analytics Professional Cert,"Data Lifecycle Management, Data Ethics","SQL (BigQuery), R, Tableau, Spreadsheets","Structured Thinking, Stakeholder Communication, Metadata Management, Bias Mitigation",Professional Certification
03/10/26,Statistics 1 (SAS),"Inferential Statistics, Predictive Modeling","SAS Studio, SAS Programming","ANOVA, Hypothesis Testing (p-values), Logistic Regression, Assumption Testing",Professional Development
03/10/26,SAS Programming 2,"Advanced Data Engineering, Programmatic ETL","SAS Studio, SAS 4GL","Iterative Processing (Loops/Arrays), PDV Logic, Table Merging Strategy, First./Last. Logic",Professional Development
3/10/26,SAS Programming 1: Essentials,"Data Ingestion, Base SAS Programming","SAS Studio, SAS 4GL","SAS Compilation/Execution Logic, Library Management, ODS (Output Delivery System)",Professional Development
03/10/26,SAS Predictive Modeling,"Advanced Analytics, Machine Learning","SAS/STAT, PROC LOGISTIC","Maximum Likelihood Estimation (MLE), Variable Selection Logic, Model Scoring, ROC/AUC Validation",Professional Development
03/10/26,SAS Certified Specialist (Base 9.4),"Programmatic ETL, Data Management","SAS 9.4, Base SAS","Compilation/Execution Logic, Data Validation, Error Handling, Output Customization (ODS)",Professional Certification
03/10/26,SAS Statistical Business Analyst,"Predictive Modeling, Advanced Statistics","SAS/STAT, PROC REG, PROC LOGISTIC","Model Selection (AICC/SBC), Collinearity Diagnostics, Odds Ratio Analysis, Parsimony Logic",Professional Certification
03/10/26,Project Mgmt for Lean Six Sigma,"Operational Excellence, Process Optimization","DMAIC, SIPOC, Value Stream Mapping","Root Cause Analysis (RCA), Variance Reduction, Waste Elimination (Muda)",Professional Development
03/10/26,Lean Six Sigma (DMAIC),Business Process Improvement,"Control Charts, Pareto Analysis","Root Cause Analysis (RCA), Variance Reduction, DMAIC Governance",Professional Strategy
03/10/26,LSS Advanced Yellow Belt,"Operational Excellence, Systems Thinking","Pareto Analysis, Control Charts","Root Cause Analysis (RCA), Process Mapping (SIPOC), Variance Reduction",Professional Certification
03/10/26,Tableau Consumer,"Data Literacy, Visual Analytics",Tableau Cloud / Server,"Statistical Interpretation, Data Storytelling, Collaborative Decision-Making",Professional Development
03/31/21,MS Data Analytics,"Data Science, Predictive Modeling","SAS, Python, R, SQL, Tableau","Data Mining, Research Methodology, Advanced Visualization, Capstone Research",Academic Degree
04/30/16,MBA,"Strategic Management, Business Finance","Excel (Advanced), Financial Systems","Intellectual Property Strategy, Corporate Affairs, Organizational Behavior, Global Marketing",Academic Degree
08/05/11,BS Business Admin,"Operations Management, Quantitative Analysis","Statistical Software (Basic), Office Suite","Quantitative Decision Making, Business Law, Managerial Accounting, Personnel Mgmt",Academic Degree
03/10/26,"Python, SQL, & Tableau Integration","Full-Stack Data Science, Pipeline Automation","Python (Jupyter), SQL (MySQL), Tableau","Software Integration, Feature Engineering, Predictive Modeling, Data Storytelling",Professional Development
03/10/26,The Complete SQL Bootcamp,"SQL Development, RDBMS Management","PostgreSQL, pgAdmin","CRUD Operations, Joins & Set Theory, DDL/DML Logic, Subqueries & CTEs",Professional Development
3/10/26,Certified Public Manager (CPM),"Public Administration, Executive Leadership","Performance Dashboards, Strategic Planning Frameworks","EQ, Change Management, Conflict Resolution, Public Sector Ethics",Professional Certification
03/26/26,Weekly Cost & Hours Reporting,"Data Analytics, Business Intelligence","PeopleSoft, Excel, PowerPoint","System Data Extraction (ETL), Pivot Tables, Executive Presentation",Task/Project
03/26/26,Total Cost File Automation,"Process Improvement, Automation",Microsoft Excel,"Dynamic Formula Design, Workflow Optimization, 62% Time Savings",Task/Project
03/26/26,Data Loading & Visualization in Power BI: Loading Data from Databases (Percipio),"Business Intelligence, ETL Processes",Power BI,"Data Acquisition, Power Query, Visual Analytics, Report Formatting",Professional Development
2026-03-31,Data Loading & Visualization in Power BI: Data Modeling (Percipio),"Data Visualization, BI Development","Power BI, Power Query","Data Transformation (ETL), Dashboard Design",Professional Development
2026-04-02,Data Loading & Visualization in Power BI: Advanced Visualizations,"Data Visualization, Business Intelligence",Microsoft Power BI,"Advanced Charting, Interactive Reporting, Visual Analytics",Professional Development
2026-05-20,Foundry & AIP Builder Foundations,"Data Engineering, Digital Twin Operations",Palantir Foundry / AIP,"Ontology Management, Data Integration (Pipeline Builder), End-to-End Workflow Design",Professional Development (Palantir)
2026-05-20,Project Tracker Power App,"Low-Code Development, Business Process Automation","Power Apps, Excel, Power Automate","CRUD Operations, Data Integration, Workflow Optimization",Task / Project
2026-05-21,Deep Dive: Creating Your First Ontology,"Semantic Data Modeling, Data Governance",Palantir Foundry,"Object Type Definition, Link/Relation Configuration, Action Types",Professional Development (Palantir)
2026-05-22,Deep Dive: Building Your First Application,"Application Development, Data Modeling",Palantir Foundry (Workshop),"Object-Centric Design, Widget Configuration, Action Types",Professional Development (Palantir)
2026-05-27,Speedrun: Your First Ontology Function,"Semantic Data Modeling, Application Development","Palantir Foundry, Workshop, Functions (TypeScript/Java)","Logic Abstraction, Object-Centric Analytics, Operational Workflow Automation",Professional Development
07/28/26,GitHub Macro Version-Control Migration Project,"Version Control, Software Documentation Automation, Legacy System Inventory","GitHub, Python, YAML","Metadata-Driven Documentation Generation, Repository Structuring, Macro Inventory & Classification",Task/Project
07/28/26,GitHub Macro Project: pytest Test Suite (query_macros.py & generate_readme_from_metadata.py),"Software Testing, Test-Driven Development","Python, pytest","Unit Test Design, Regression Testing, Edge-Case Coverage, Fixture/Mock Data Design, Traceback-Driven Debugging",Task/Project
07/28/26,GitHub Macro Project: Production Bug Discovery via Test Coverage,"Software Debugging, Root-Cause Analysis",Python,"Logic Error Diagnosis, Silent-Failure Detection, Regression Test Authoring, Live Runtime Crash Triage",Task/Project
08/18/26,1 Hour HTML (Udemy),"Web Development, Front-End Markup","HTML, JSBin","Document Structure & Semantics, Inline/Embedded Styling, Form & Input Design, Hyperlinking & Media Embedding, List/Table Markup, Intro to Script Tag/JS Integration",Professional Development
08/19/26,Udemy Skill Assessment: Microsoft Power BI,"Business Intelligence, Data Visualization, Data Modeling","Power BI, DAX, Power Query (M)","Strong: DAX/Data Modeling (75%), Visualization & Interactivity (83%), Deployment & Service (83%); Growth Areas: Power Query/Data Prep (40%), Foundations (50%)",Skill Assessment
08/19/26,Udemy Skill Assessment: Structured Query Language (SQL),"SQL Development, RDBMS Management",SQL,"Strong: JOINs (100%), Database/Table Management - DDL, constraints, referential integrity (75%); Growth Area: Querying Fundamentals - aggregates, subqueries, WHERE logic (67%)",Skill Assessment
